company,time,revenue_m
AAON,2009,245.3
AAON,2010,244.6
AAON,2011,266.2
AAON,2012,303.1
AAON,2013,321.1
AAON,2014,356.3
AAON,2015,358.6
AAON,2016,384.0
AAON,2017,405.2
AAPL,2016,215639.0
AAPL,2017,229234.0
AAPL,2018,265595.0
ABBV,2016,25638.0
ABBV,2017,28216.0
ABBV,2018,32753.0
ABBV,2019,33266.0
ABBV,2020,45804.0
ABBV,2021,56197.0
ABBV,2022,58054.0
ABBV,2023,54318.0
ABBV,2024,56334.0
ABBV,2025,61160.0
ABNB,2019,4805.2
ABNB,2020,3378.0
ABNB,2021,5991.8
ABNB,2022,8399.0
ABNB,2023,9917.0
ABNB,2024,11102.0
ABNB,2025,12241.0
ACHR,2025,0.3
ADBE,2007,3157.9
ADBE,2008,3579.9
ADBE,2009,2945.9
ADBE,2010,3800.0
ADBE,2011,4216.3
ADBE,2012,4403.7
ADBE,2013,4055.2
ADBE,2014,4147.1
ADBE,2015,4795.5
ADBE,2016,5854.4
ADBE,2017,7301.5
ADBE,2018,9030.0
ADBE,2019,11171.3
ADBE,2020,12868.0
ADBE,2021,15785.0
ADBE,2022,17606.0
ADBE,2023,19409.0
ADBE,2024,21505.0
ADBE,2025,23769.0
AFRM,2019,264.4
AFRM,2020,509.5
AFRM,2021,870.5
AFRM,2022,1349.3
AFRM,2023,1588.0
AFRM,2024,2323.0
AFRM,2025,3224.4
AGEN,2009,3.3
AGEN,2010,3.4
AGEN,2011,2.8
AGEN,2012,16.0
AGEN,2013,3.0
AGEN,2014,7.0
AGEN,2015,24.8
AGEN,2016,22.6
AGEN,2017,42.9
AI,2019,91.6
AI,2020,156.7
AI,2021,183.2
AI,2022,252.8
AI,2023,266.8
AI,2024,310.6
AI,2025,389.1
AL,2010,58.4
AL,2011,336.7
AL,2012,655.7
AL,2013,858.7
AL,2014,1050.5
AL,2015,1222.8
AL,2016,1419.1
AL,2017,1516.4
AL,2018,1679.7
AL,2019,2016.9
AL,2020,2015.4
AL,2021,2088.4
AL,2022,2317.3
AL,2023,2685.0
AL,2024,2733.7
AL,2025,3015.7
ALAB,2022,79.9
ALAB,2023,115.8
ALAB,2024,396.3
ALAB,2025,852.5
ALIT,2019,2552.0
ALIT,2020,2728.0
ALIT,2022,3132.0
ALIT,2023,3410.0
ALIT,2024,2332.0
ALIT,2025,2262.0
AMCX,2017,2805.7
AMCX,2018,2971.9
AMCX,2019,3060.3
AMCX,2020,2815.0
AMCX,2021,3077.6
AMCX,2022,3096.5
AMCX,2023,2711.9
AMCX,2024,2421.3
AMCX,2025,2311.8
AMD,2016,4319.0
AMD,2017,5253.0
AMD,2018,6475.0
AMD,2019,6731.0
AMD,2020,9763.0
AMD,2021,16434.0
AMD,2022,23601.0
AMD,2023,22680.0
AMD,2024,25785.0
AMD,2025,34639.0
AMS,2016,18.7
AMS,2017,19.6
AMS,2018,19.7
AMZN,2016,135987.0
AMZN,2017,177866.0
AMZN,2018,232887.0
AMZN,2019,280522.0
AMZN,2020,386064.0
AMZN,2021,469822.0
AMZN,2022,513983.0
AMZN,2023,574785.0
AMZN,2024,637959.0
AMZN,2025,716924.0
AN,2008,13238.7
AN,2009,10666.0
AN,2010,12461.0
AN,2011,13832.3
AN,2012,15668.8
AN,2013,17517.6
AN,2014,19108.8
AN,2015,20862.0
AN,2016,21609.0
AN,2017,21534.6
AN,2018,21412.8
AN,2019,21335.7
AN,2020,20390.0
AN,2021,25844.0
AN,2022,26985.0
AN,2023,26948.9
AN,2024,26765.4
AN,2025,27631.4
ANET,2016,1129.2
ANET,2017,1646.2
ANET,2018,2151.4
ANET,2019,2410.7
ANET,2020,2317.5
ANET,2021,2948.0
ANET,2022,4381.3
ANET,2023,5860.2
ANET,2024,7003.1
ANET,2025,9005.7
ANGX,2023,202.4
ANGX,2024,96.5
ANGX,2025,321.6
AON,2007,7234.0
AON,2008,7528.0
AON,2009,7595.0
AON,2010,8512.0
AON,2011,11287.0
AON,2012,11514.0
AON,2013,11815.0
AON,2014,12045.0
AON,2015,11682.0
AON,2016,11627.0
AON,2017,9998.0
AON,2018,10770.0
APAM,2011,455.1
APAM,2012,505.6
APAM,2013,685.8
APAM,2014,828.7
APAM,2015,805.5
APAM,2016,720.9
APAM,2017,795.6
APAM,2018,828.6
APAM,2019,799.0
APAM,2020,899.6
APAM,2021,1227.2
APAM,2022,993.3
APAM,2023,975.1
APAM,2024,1111.8
APAM,2025,1196.7
APH,2016,6286.4
APH,2017,7011.3
APH,2018,8202.0
APH,2019,8225.4
APH,2020,8598.9
APH,2021,10876.3
APH,2022,12623.0
APH,2023,12554.7
APH,2024,15222.7
APH,2025,23094.7
APO,2020,2354.0
APO,2021,5951.0
APO,2022,10968.0
APO,2023,32644.0
APO,2024,26114.0
APO,2025,32049.0
APP,2019,994.1
APP,2020,1451.1
APP,2021,2793.1
APP,2022,2817.1
APP,2023,3283.1
APP,2024,4709.2
APP,2025,5480.7
ARES,2012,334.0
ARES,2013,478.7
ARES,2014,603.9
ARES,2015,814.4
ARES,2016,1199.2
ARES,2017,1415.5
ARES,2018,1218.2
ARES,2019,1433.1
ARES,2020,1753.7
ARES,2021,2288.9
ARES,2022,2880.0
ARES,2023,3236.3
ARES,2024,3690.7
ARES,2025,4755.6
ARRY,2018,290.8
ARRY,2019,647.9
ARRY,2020,872.7
ARRY,2021,853.3
ARRY,2022,1637.5
ARRY,2023,1576.6
ARRY,2024,915.8
ARRY,2025,1284.1
ASTS,2024,4.4
AUR,2019,19.6
AUR,2021,82.5
AUR,2022,68.0
AUR,2025,3.0
AVGO,2016,13240.0
AVGO,2017,17636.0
AVGO,2018,20848.0
AXON,2016,268.2
AXON,2017,343.8
AXON,2018,420.1
AXON,2019,530.9
AXON,2020,681.0
AXON,2021,863.4
AXON,2022,1189.9
AXON,2023,1563.4
AXON,2024,2082.5
AXON,2025,2779.5
AXP,2008,28365.0
AXP,2009,24523.0
AXP,2010,27819.0
AXSM,2022,50.0
AXSM,2023,270.6
AXSM,2024,385.7
AXSM,2025,638.5
BAC,2007,66833.0
BAC,2008,72782.0
BAC,2009,119643.0
BAC,2010,110220.0
BAC,2011,93454.0
BAC,2012,83334.0
BAC,2013,88942.0
BAC,2014,84247.0
BAC,2015,82507.0
BAC,2016,83701.0
BAC,2017,87352.0
BAC,2018,91247.0
BAC,2019,91244.0
BAC,2020,85528.0
BAC,2021,89113.0
BAC,2022,94950.0
BAC,2023,98581.0
BAC,2024,101887.0
BAC,2025,113097.0
BATL,2009,87.1
BATL,2010,112.3
BATL,2011,107.9
BATL,2012,247.9
BATL,2013,999.5
BATL,2014,1148.3
BATL,2015,550.3
BATL,2017,378.0
BATL,2018,226.6
BATL,2020,148.3
BATL,2021,285.2
BATL,2022,359.1
BATL,2023,220.8
BATL,2024,193.9
BBWI,2018,12632.0
BBWI,2019,13237.0
BBWI,2020,12914.0
BBWI,2021,6434.0
BBWI,2022,7882.0
BBWI,2023,7560.0
BBWI,2024,7429.0
BBWI,2025,7307.0
BBWI,2026,7291.0
BBY,2017,39403.0
BBY,2018,42151.0
BBY,2019,42879.0
BBY,2020,43638.0
BBY,2021,47262.0
BBY,2022,51761.0
BBY,2023,46298.0
BBY,2024,43452.0
BBY,2025,41528.0
BEN,2007,6205.8
BEN,2008,6032.4
BEN,2009,4194.1
BEN,2010,5853.0
BEN,2011,7140.0
BEN,2012,7101.0
BEN,2013,7985.0
BEN,2014,8491.4
BEN,2015,7948.7
BEN,2016,6618.0
BEN,2017,6392.2
BEN,2018,6319.1
BEN,2019,5774.5
BFS,2009,161.0
BFS,2010,163.1
BFS,2011,174.4
BFS,2012,190.1
BFS,2013,197.9
BFS,2014,207.1
BFS,2015,209.1
BFS,2016,217.1
BFS,2017,227.3
BFS,2018,227.9
BFS,2019,231.5
BFS,2020,225.2
BFS,2021,239.2
BFS,2022,245.9
BFS,2023,257.2
BFS,2024,268.8
BFS,2025,289.8
BGC,2009,1162.3
BGC,2010,1331.1
BGC,2011,1464.7
BGC,2012,1767.0
BGC,2013,2498.1
BGC,2014,1787.5
BGC,2015,2575.4
BGC,2016,2612.6
BGC,2017,3353.4
BGC,2018,1937.8
BGC,2019,2104.2
BGC,2020,2056.7
BGC,2021,2015.4
BGC,2022,1795.3
BGC,2023,2025.4
BGC,2024,2262.8
BGC,2025,2941.5
BJRI,2017,993.1
BJRI,2018,1031.8
BJRI,2019,1161.5
BJRI,2020,778.5
BJRI,2021,1087.0
BJRI,2023,1283.9
BJRI,2024,1357.3
BJRI,2025,1399.1
BKE,2017,974.9
BKE,2018,913.4
BKE,2019,885.5
BKE,2020,900.3
BKE,2021,901.3
BKE,2022,1294.6
BKE,2023,1345.2
BKE,2024,1261.1
BKE,2025,1217.7
BKU,2010,557.7
BKU,2011,638.1
BKU,2012,720.9
BKU,2013,738.8
BKU,2014,783.7
BKU,2015,880.8
BKU,2016,1059.2
BKU,2017,1204.5
BKU,2018,1449.1
BKU,2019,1281.9
BKU,2020,1067.6
BKU,2021,959.4
BKU,2022,1230.5
BKU,2023,1857.6
BKU,2024,1925.1
BKU,2025,1792.8
BLK,2022,11061.0
BLK,2023,11012.0
BLK,2024,12794.0
BOKF,2008,1061.6
BOKF,2009,914.6
BOKF,2010,851.1
BOKF,2011,811.6
BOKF,2012,791.6
BOKF,2013,745.4
BOKF,2014,732.2
BOKF,2015,766.8
BOKF,2016,829.1
BOKF,2017,972.8
BOKF,2018,1228.4
BOKF,2019,1532.0
BOKF,2020,1269.0
BOKF,2021,1179.9
BOKF,2022,1392.1
BOKF,2023,2342.5
BOKF,2024,2636.5
BOKF,2025,2531.3
BRKR,2009,1114.5
BRKR,2010,1304.9
BRKR,2011,1651.7
BRKR,2012,1791.4
BRKR,2013,1839.4
BRKR,2014,1808.9
BRKR,2015,1623.8
BRKR,2016,1611.3
BRKR,2017,1765.9
BRKR,2018,1895.6
BRO,2008,977.6
BRO,2009,967.9
BRO,2010,973.5
BRO,2011,1013.5
BRO,2012,1200.0
BRO,2013,1363.3
BRO,2014,1575.8
BRO,2015,1660.5
BRO,2016,1766.6
BRO,2017,1881.3
BRO,2018,2014.2
BRO,2019,2392.2
BRO,2020,2613.4
BRO,2021,3051.4
BRO,2022,3573.4
BRO,2023,4257.1
BRO,2024,4805.0
BRO,2025,5902.0
BROS,2019,238.4
BROS,2020,327.4
BROS,2021,497.9
BROS,2022,739.0
BROS,2023,965.8
BROS,2024,1281.0
BROS,2025,1638.2
BSX,2012,6958.0
BSX,2013,7072.0
BSX,2014,7462.0
BSX,2015,8068.0
BSX,2016,9076.0
BSY,2018,691.7
BSY,2019,734.8
BX,2009,1773.7
BX,2010,3119.3
BX,2011,3252.6
BX,2012,4019.4
BX,2013,6613.2
BX,2014,7484.7
BX,2015,4646.6
BX,2016,5125.8
BX,2017,7119.1
BX,2018,6833.3
BX,2019,7338.3
BX,2020,6101.9
BX,2021,22577.1
BX,2022,8517.7
BX,2023,8022.8
BX,2024,13230.0
BX,2025,14450.3
BXP,2007,1482.3
BXP,2008,1469.4
BXP,2009,1522.2
BXP,2010,1550.8
BXP,2011,1759.5
BXP,2012,1876.3
BXP,2013,2135.5
BXP,2014,2397.0
BXP,2015,2490.8
BXP,2016,2550.8
BXP,2017,2602.1
BXP,2018,2717.1
BXP,2019,2960.6
BXP,2020,2765.7
BXP,2021,2888.6
BXP,2022,3108.6
BXP,2023,3273.6
BXP,2024,3407.7
BXP,2025,3482.3
BYD,2016,2199.3
BYD,2017,2400.8
BYD,2018,2626.7
BYND,2017,32.6
BYND,2018,87.9
BYND,2019,297.9
BYND,2020,406.8
BYND,2021,464.7
BYND,2022,418.9
BYND,2023,343.4
BYND,2024,326.5
CAI,2023,306.1
CAI,2024,412.3
CAI,2025,812.0
CARG,2015,98.6
CARG,2016,198.1
CARG,2017,316.9
CCL,2007,13033.0
CCL,2008,14646.0
CCL,2009,13157.0
CCL,2014,15884.0
CCL,2015,15714.0
CCL,2016,16389.0
CCL,2017,17510.0
CCL,2018,18881.0
CDRE,2020,404.6
CDRE,2021,427.3
CDRE,2022,457.8
CDRE,2023,482.5
CDRE,2024,567.6
CDRE,2025,610.3
CG,2010,2798.9
CG,2011,2845.3
CG,2012,2973.1
CG,2013,4441.2
CG,2014,3880.3
CG,2015,3006.2
CG,2016,2274.3
CG,2017,3676.2
CG,2018,2427.2
CG,2019,3377.0
CG,2020,2934.6
CG,2021,8782.1
CG,2022,4438.7
CG,2023,2963.9
CG,2024,5425.8
CG,2025,4779.8
CHCI,2017,45.4
CHCI,2018,56.7
CHCI,2019,25.3
CHCI,2020,28.7
CHCI,2021,31.1
CHCI,2022,39.3
CHCI,2023,44.7
CHCI,2024,51.3
CHCI,2025,62.9
CMCSA,2007,31060.0
CMCSA,2008,34423.0
CMCSA,2009,35756.0
CMCSA,2010,37937.0
CMCSA,2011,55842.0
CMCSA,2012,62570.0
CMCSA,2013,64657.0
CMCSA,2014,68775.0
CMCSA,2015,74510.0
CMCSA,2016,80403.0
CMCSA,2017,84526.0
CMCSA,2018,94507.0
CMCSA,2019,108942.0
CMCSA,2020,103564.0
CMCSA,2021,116385.0
CMCSA,2022,121427.0
CMCSA,2023,121572.0
CMG,2016,3904.4
CMG,2017,4476.4
CMG,2018,4865.0
CMG,2019,5586.4
CMG,2020,5984.6
CMG,2021,7547.1
CMG,2022,8634.7
CMG,2023,9871.6
CMG,2024,11313.9
CMG,2025,11925.6
CNA,2009,8472.0
CNA,2010,9209.0
CNA,2011,8947.0
CNA,2012,9547.0
CNA,2013,10113.0
CNA,2014,9692.0
CNA,2015,9101.0
CNA,2016,9366.0
CNA,2017,9542.0
CNA,2018,10134.0
CNA,2019,10767.0
CNA,2020,10808.0
CNA,2021,11908.0
CNA,2022,11879.0
CNA,2023,13299.0
CNA,2024,14270.0
CNA,2025,14989.0
COF,2008,13893.0
COF,2009,12983.0
COF,2010,16171.0
COF,2011,16279.0
COF,2012,21396.0
COF,2013,22384.0
COF,2014,22290.0
COF,2015,23413.0
COF,2016,25501.0
COF,2017,27237.0
COF,2018,28076.0
COF,2019,28593.0
COF,2020,28523.0
COF,2021,30435.0
COF,2022,34250.0
COF,2023,36787.0
COF,2024,39112.0
COF,2025,53434.0
COIN,2019,533.7
COIN,2020,1277.5
COIN,2021,7839.4
COIN,2022,3194.2
COIN,2023,3108.4
COIN,2024,6564.0
COIN,2025,7181.3
COKE,2017,4287.6
COKE,2018,4625.4
COKE,2019,4826.5
COKE,2020,5007.4
COKE,2021,5562.7
COKE,2022,6201.0
COKE,2023,6653.9
COKE,2024,6899.7
COKE,2025,7228.1
COLM,2016,2377.0
COLM,2017,2466.1
COLM,2018,2802.3
COLM,2019,3042.5
CPAY,2016,1831.5
CPAY,2017,2249.5
CPAY,2018,2433.5
CPAY,2019,2648.8
CPAY,2020,2388.9
CPAY,2021,2833.7
CPAY,2022,3427.1
CPAY,2023,3757.7
CPAY,2024,3974.6
CPAY,2025,4528.4
CPB,2017,5837.0
CPB,2018,6615.0
CPB,2019,8107.0
CPB,2020,8691.0
CPB,2021,8476.0
CPB,2022,8562.0
CPB,2023,9357.0
CPB,2024,9636.0
CPB,2025,10253.0
CPNG,2019,6273.3
CPNG,2020,11967.3
CPNG,2021,18406.4
CPNG,2022,20582.6
CPNG,2023,24383.0
CPNG,2024,30268.0
CPNG,2025,34534.0
CPRT,2014,1163.5
CPRT,2015,1146.1
CPRT,2016,1268.4
CPRT,2017,1448.0
CPRT,2018,1805.7
CRCL,2023,1450.5
CRCL,2024,1676.3
CRCL,2025,2746.6
CRDO,2020,53.8
CRDO,2021,58.7
CRDO,2022,106.5
CRDO,2023,184.2
CRDO,2024,193.0
CRDO,2025,436.8
CRGY,2019,1087.2
CRGY,2020,754.2
CRGY,2021,1477.0
CRGY,2022,3057.1
CRGY,2023,2382.6
CRGY,2024,2930.9
CRGY,2025,3579.8
CRK,2010,349.1
CRK,2011,434.4
CRK,2012,456.2
CRK,2013,420.3
CRK,2014,555.2
CRM,2008,748.7
CRM,2009,1076.8
CRM,2010,1305.6
CRM,2011,1657.1
CRM,2012,2266.5
CRM,2013,3050.2
CRM,2014,4071.0
CRM,2015,5373.6
CRM,2016,6667.2
CRM,2017,8392.0
CRVL,2023,718.6
CRVL,2024,795.3
CRVL,2025,895.6
CRWD,2018,118.8
CRWD,2019,249.8
CRWD,2020,481.4
CRWD,2021,874.4
CRWD,2022,1451.6
CRWD,2023,2241.2
CRWD,2024,3055.6
CRWD,2025,3953.6
CRWD,2026,4812.0
CRWV,2023,229.0
CRWV,2024,1915.0
CRWV,2025,5131.0
CVNA,2017,858.9
CVNA,2018,1955.5
CVNA,2019,3939.9
CVNA,2020,5586.6
CVNA,2021,12814.0
CVNA,2022,13604.0
CVNA,2023,10771.0
CVNA,2024,13673.0
CVNA,2025,20322.0
CWGL,2016,64.6
CWGL,2017,63.2
CWGL,2018,67.8
CWGL,2019,67.1
CWGL,2020,64.1
CWGL,2021,68.9
CWGL,2022,74.2
CWGL,2023,72.4
CWGL,2024,73.0
CWGL,2025,65.1
DASH,2018,291.0
DASH,2019,885.0
DASH,2020,2886.0
DASH,2021,4888.0
DASH,2022,6583.0
DASH,2023,8635.0
DASH,2024,10722.0
DASH,2025,13717.0
DBX,2016,844.8
DBX,2017,1106.8
DBX,2018,1391.7
DBX,2019,1661.3
DBX,2020,1913.9
DBX,2021,2157.9
DBX,2022,2324.9
DBX,2023,2501.6
DBX,2024,2548.2
DBX,2025,2521.0
DDOG,2017,100.8
DDOG,2018,198.1
DDOG,2019,362.8
DDOG,2020,603.5
DDOG,2021,1028.8
DDOG,2022,1675.1
DDOG,2023,2128.4
DDOG,2024,2684.3
DDOG,2025,3427.2
DDS,2009,6988.4
DDS,2010,6226.6
DDS,2011,6253.5
DDS,2012,6405.5
DDS,2013,6751.6
DDS,2014,6691.8
DDS,2015,6780.1
DDS,2016,6754.5
DDS,2017,6418.0
DDS,2018,6422.7
DDS,2019,6503.3
DDS,2020,6343.2
DDS,2021,4433.2
DDS,2022,6624.3
DDS,2023,6996.2
DDS,2024,6874.4
DDS,2025,6590.2
DELL,2018,79040.0
DELL,2019,90621.0
DELL,2020,92154.0
DELL,2021,94224.0
DELL,2022,101197.0
DELL,2023,102301.0
DELL,2024,88425.0
DELL,2025,95567.0
DELL,2026,113538.0
DFH,2019,744.3
DFH,2020,1133.8
DFH,2021,1923.9
DFH,2022,3342.3
DFH,2023,3748.6
DFH,2024,4451.6
DFH,2025,4322.8
DHI,2009,3657.6
DHI,2010,4400.2
DHI,2011,3636.8
DHI,2012,4354.0
DHI,2013,6259.3
DHI,2014,8024.9
DHI,2015,10824.0
DHI,2016,12157.4
DHI,2017,14091.0
DHI,2018,16068.0
DHI,2019,17592.9
DHI,2020,20311.1
DHI,2021,27774.2
DHI,2022,33480.0
DHI,2023,35460.4
DHI,2024,36801.4
DHI,2025,34250.4
DHR,2016,16882.4
DHR,2017,18329.7
DHR,2018,19893.0
DIS,2017,55137.0
DIS,2018,59434.0
DIS,2019,69570.0
DIS,2020,65388.0
DIS,2021,67418.0
DIS,2022,82722.0
DIS,2023,88898.0
DIS,2024,91361.0
DIS,2025,94425.0
DJT,2022,1.5
DJT,2023,4.1
DJT,2024,3.6
DJT,2025,3.7
DKNG,2022,2240.5
DKNG,2023,3665.4
DKNG,2024,4767.7
DKNG,2025,6054.5
DKS,2017,7922.0
DKS,2018,8590.5
DKS,2019,8436.6
DKS,2020,8750.7
DKS,2021,9584.0
DKS,2022,12293.4
DKS,2023,12368.2
DKS,2024,12984.4
DKS,2025,13442.8
DLB,2008,640.2
DLB,2009,719.5
DLB,2010,922.7
DLB,2011,955.5
DLB,2012,926.3
DLB,2013,909.7
DLB,2014,960.2
DLB,2015,970.6
DLB,2016,1025.7
DLB,2017,1081.5
DLB,2018,1171.9
DLB,2019,1241.6
DLB,2020,1161.8
DLB,2021,1281.3
DNA,2019,54.2
DNA,2020,76.7
DNA,2021,313.8
DNA,2022,477.7
DNA,2023,251.5
DNA,2024,227.0
DNA,2025,170.2
DNLI,2018,129.2
DNLI,2019,26.7
DNLI,2020,335.7
DNLI,2021,48.7
DNLI,2022,108.5
DNLI,2023,330.5
DOCS,2020,116.4
DOCS,2021,206.9
DOCS,2022,343.5
DOCS,2023,419.1
DOCS,2024,475.4
DOCS,2025,570.4
DWSN,2013,305.3
DWSN,2014,261.7
DWSN,2015,234.7
DWSN,2016,133.3
DWSN,2017,157.1
DWSN,2018,154.2
DWSN,2019,145.8
EB,2016,133.5
EB,2017,201.6
EB,2018,291.6
EB,2019,326.8
EB,2020,106.0
EB,2021,187.1
EB,2022,260.9
EB,2023,326.1
EBAY,2009,8727.4
EBAY,2010,9156.0
EBAY,2011,11651.7
EBAY,2012,14072.0
EBAY,2013,16047.0
EBAY,2014,17902.0
ECPG,2009,316.4
ECPG,2010,364.3
ECPG,2011,467.4
ECPG,2012,555.9
ECPG,2013,773.4
ECPG,2014,1072.8
ECPG,2015,1161.6
ECPG,2016,1029.3
ECPG,2017,1187.0
ECPG,2018,1320.6
ECPG,2019,1405.8
ECPG,2020,1501.4
ECPG,2021,1614.5
ECPG,2022,1398.3
ECPG,2023,1222.7
ECPG,2024,1316.4
ECPG,2025,1768.8
EL,2017,11824.0
EL,2018,13683.0
EL,2019,14863.0
EL,2020,14294.0
EL,2021,16215.0
EL,2022,17737.0
EL,2023,15910.0
EL,2024,15608.0
EL,2025,14326.0
EPD,2007,26713.8
EPD,2008,35469.6
EPD,2009,25510.9
EPD,2010,33739.3
EPD,2011,44313.0
EPD,2012,42583.1
EPD,2013,47727.0
EPD,2014,47951.2
EPD,2016,23022.3
EPD,2017,29241.5
EPD,2018,36534.2
EPD,2019,32789.2
EPD,2020,27199.7
EPD,2021,40806.9
EPD,2022,58186.0
EPD,2023,49715.0
EPD,2024,56219.0
EPD,2025,52596.0
ERIE,2008,2651.0
ERIE,2009,4255.0
ERIE,2010,4890.0
ERIE,2011,4824.0
ERIE,2012,5512.0
ERIE,2013,6271.0
ERIE,2014,6124.0
ERIE,2015,1505.5
ERIE,2016,1596.6
ERIE,2017,1691.8
ESS,2017,1363.9
ESS,2018,1400.1
ESS,2019,1460.2
ESS,2020,1495.7
ESS,2021,1440.6
ESS,2022,1606.8
ESS,2023,1669.4
ESS,2024,1774.5
ESS,2025,1887.3
ET,2008,9293.4
ET,2009,5417.3
ET,2010,6598.1
ET,2011,8240.7
ET,2012,16964.0
ET,2013,48335.0
ET,2014,55691.0
ET,2015,42126.0
ET,2016,37504.0
ET,2017,40523.0
ET,2018,54087.0
ET,2019,54213.0
ET,2020,38954.0
ET,2021,67417.0
ET,2022,89876.0
ET,2023,78586.0
ET,2024,82671.0
ET,2025,85536.0
EWBC,2016,52.3
EWBC,2017,54.3
EWBC,2018,53.6
EWBC,2019,55.3
EXE,2007,7800.0
EXE,2008,11629.0
EXE,2009,7702.0
EXE,2010,9366.0
EXE,2011,11635.0
EXE,2012,12316.0
EXE,2013,17506.0
EXE,2014,20951.0
EXE,2015,12764.0
EXE,2016,7872.0
EXE,2017,9496.0
EXE,2018,10231.0
EXE,2019,8595.0
EXE,2020,5296.0
EXE,2021,5549.0
EXE,2022,11743.0
EXE,2023,8721.0
EXE,2024,4235.0
EXE,2025,12124.0
FANG,2017,1205.0
FANG,2018,2176.0
FANG,2019,3964.0
FANG,2020,2813.0
FANG,2021,6797.0
FANG,2022,9643.0
FANG,2023,8412.0
FANG,2024,11066.0
FANG,2025,15026.0
FCFS,2009,355.3
FCFS,2010,423.3
FCFS,2011,521.3
FCFS,2012,595.9
FCFS,2013,660.8
FCFS,2014,712.9
FCFS,2015,704.6
FCFS,2016,1088.4
FCFS,2017,1779.8
FCFS,2018,1780.9
FCFS,2019,1864.4
FCFS,2020,1631.3
FCFS,2021,1699.0
FCFS,2022,2728.9
FCFS,2023,3151.8
FCFS,2024,3388.5
FCFS,2025,3661.0
FCNCB,2022,5082.0
FCNCB,2023,18787.0
FCNCB,2024,9758.0
FCNCB,2025,9541.0
FDX,2008,37953.0
FDX,2009,35497.0
FDX,2010,34734.0
FDX,2011,39304.0
FDX,2012,42680.0
FDX,2013,44287.0
FDX,2014,45567.0
FDX,2015,47453.0
FDX,2016,50365.0
FDX,2017,60319.0
FDX,2018,65450.0
FIG,2023,504.9
FIG,2024,749.0
FIG,2025,1055.8
FIGR,2023,209.5
FIGR,2024,340.9
FIGR,2025,506.9
FIZZ,2016,704.8
FIZZ,2017,826.9
FIZZ,2018,975.7
FIZZ,2019,1014.1
FIZZ,2020,1000.4
FIZZ,2021,1072.2
FIZZ,2022,1138.0
FIZZ,2023,1172.9
FIZZ,2024,1191.7
FIZZ,2025,1201.4
FMBH,2009,51.4
FMBH,2010,50.9
FMBH,2011,56.8
FMBH,2012,55.8
FMBH,2013,53.5
FMBH,2014,54.7
FMBH,2015,59.3
FMBH,2016,75.5
FMBH,2017,99.6
FMBH,2018,124.6
FMBH,2019,149.7
FMBH,2020,144.1
FMBH,2021,183.0
FMBH,2022,215.9
FMBH,2023,300.2
FMBH,2024,357.4
FMBH,2025,373.0
FOUR,2018,560.6
FOUR,2019,731.4
FOUR,2020,766.9
FOUR,2021,1367.5
FOUR,2022,1993.6
FOUR,2023,2564.8
FOUR,2024,3330.6
FOUR,2025,4180.0
FOXA,2017,9921.0
FOXA,2018,10153.0
FOXA,2019,11389.0
FOXA,2020,12303.0
FOXA,2021,12909.0
FOXA,2022,13974.0
FOXA,2023,14913.0
FSLR,2016,2904.6
FSLR,2017,2941.3
FSLR,2018,2244.0
FSLR,2019,3063.1
FSLR,2020,2711.3
FSLR,2021,2923.4
FSLR,2022,2619.3
FSLR,2023,3318.6
FSLR,2024,4206.3
FSLR,2025,5219.4
FTNT,2017,1494.9
FTNT,2018,1804.6
FTNT,2019,2156.2
FTNT,2020,2594.4
FTNT,2021,3342.2
FTNT,2022,4417.4
FTNT,2023,5304.8
FTNT,2024,5955.8
FTNT,2025,6799.6
GAP,2017,15516.0
GAP,2018,15855.0
GAP,2019,16580.0
GAP,2020,16383.0
GAP,2021,13800.0
GAP,2022,16670.0
GAP,2023,15616.0
GAP,2024,14889.0
GAP,2025,15086.0
GAP,2026,15366.0
GDDY,2016,1847.9
GDDY,2017,2231.9
GDDY,2018,2660.1
GDDY,2019,2988.1
GDDY,2020,3316.7
GDDY,2021,3815.7
GDDY,2022,4091.3
GDDY,2023,4254.1
GDDY,2024,4573.2
GDDY,2025,4951.1
GE,2007,169964.0
GE,2008,181581.0
GE,2009,156783.0
GE,2010,150211.0
GE,2011,147300.0
GE,2012,147359.0
GE,2013,146045.0
GE,2014,117184.0
GE,2015,117386.0
GE,2016,123693.0
GE,2017,122092.0
GE,2018,121615.0
GE,2019,95214.0
GE,2020,79619.0
GE,2021,74196.0
GE,2022,76555.0
GE,2023,67954.0
GE,2024,38702.0
GE,2025,45855.0
GMED,2016,564.0
GMED,2017,636.0
GMED,2018,713.0
GMED,2019,785.4
GMED,2020,789.0
GMED,2021,958.1
GMED,2022,1022.8
GMED,2023,1568.5
GMED,2024,2519.4
GMED,2025,2938.9
GOOGL,2013,55519.0
GOOGL,2014,66001.0
GOOGL,2015,74989.0
GOOGL,2016,90272.0
GOOGL,2017,110855.0
GOOGL,2018,136819.0
GOOGL,2019,161857.0
GOOGL,2020,182527.0
GOOGL,2021,257637.0
GOOGL,2023,307394.0
GOOGL,2024,350018.0
GOOGL,2025,402836.0
GPRO,2012,526.0
GPRO,2013,985.7
GPRO,2014,1394.2
GPRO,2015,1620.0
GPRO,2016,1185.5
GPRO,2017,1179.7
GPRO,2018,1148.3
GPRO,2019,1194.7
GPRO,2020,891.9
GPRO,2021,1161.1
GPRO,2022,1093.5
GPRO,2023,1005.5
GPRO,2024,801.5
GPRO,2025,651.5
GRMN,2017,3121.6
GRMN,2018,3347.4
GRMN,2019,3757.5
GRMN,2020,4186.6
GRMN,2021,4982.8
GRMN,2022,4860.3
GRMN,2023,5228.3
GRMN,2024,6296.9
GRMN,2025,7245.5
GS,2011,28811.0
GS,2012,34163.0
GS,2013,34206.0
GS,2014,34528.0
GS,2015,33820.0
GS,2016,30608.0
GS,2017,32073.0
GS,2018,36616.0
GS,2019,36546.0
GS,2020,44560.0
GS,2021,59339.0
GS,2022,47365.0
GS,2023,46254.0
GS,2024,53512.0
GS,2025,58283.0
GSHD,2017,42.7
GSHD,2018,60.1
GSHD,2019,77.5
GSHD,2020,117.0
GSHD,2021,151.3
GSHD,2022,209.4
GSHD,2023,261.3
GSHD,2024,314.5
GSHD,2025,365.3
H,2009,3330.0
H,2010,3527.0
H,2011,3698.0
H,2012,3949.0
H,2013,4184.0
H,2014,4415.0
H,2015,4328.0
H,2016,4429.0
H,2017,4685.0
HCA,2019,51336.0
HCA,2020,51533.0
HCA,2021,58752.0
HCA,2022,60233.0
HCA,2023,64968.0
HCA,2024,70603.0
HCA,2025,75600.0
HD,2008,77349.0
HD,2009,71288.0
HD,2010,66176.0
HLNE,2017,179.8
HLNE,2018,244.0
HLNE,2019,252.2
HLNE,2020,274.0
HLNE,2021,341.6
HLNE,2022,367.9
HLNE,2023,528.8
HLNE,2024,553.8
HLNE,2025,713.0
HOOD,2019,277.5
HOOD,2020,958.0
HOOD,2021,1815.1
HOOD,2022,1358.0
HOOD,2023,1865.0
HOOD,2024,2951.0
HOOD,2025,4473.0
HPK,2019,8.1
HPK,2021,220.1
HPK,2022,755.7
HPK,2023,1111.3
HPK,2024,1069.4
HPK,2025,863.4
IAC,2018,2533.0
IAC,2019,2510.0
IAC,2020,3047.7
IAC,2021,3699.6
IAC,2022,5235.3
IAC,2023,4365.2
IBKR,2008,2182.3
IBKR,2009,1169.8
IBKR,2010,988.3
IBKR,2011,1444.6
IBKR,2012,1192.5
IBKR,2013,1127.9
IBKR,2014,1115.5
IBKR,2015,1256.0
IBKR,2016,1475.0
IBKR,2017,1927.0
IBKR,2018,2366.0
IBKR,2019,2580.0
ICE,2011,1327.0
ICE,2012,1363.0
ICE,2013,1795.0
ICE,2014,4221.0
ICE,2015,4682.0
ICE,2016,5958.0
ICE,2017,5834.0
IEP,2009,8543.0
IEP,2010,9072.0
IEP,2011,11855.0
IEP,2012,15654.0
IEP,2013,20682.0
IEP,2014,19157.0
IEP,2015,15272.0
IEP,2016,16348.0
IEP,2017,21744.0
IEP,2018,11777.0
IEP,2019,8992.0
IEP,2020,6123.0
IEP,2021,11338.0
IEP,2022,14196.0
IEP,2023,10847.0
IEP,2024,10020.0
IEP,2025,9658.0
IMKTA,2017,4002.7
IMKTA,2018,4092.8
IMKTA,2019,4202.0
IMKTA,2020,4610.6
IMKTA,2021,4987.9
IMKTA,2022,5678.8
IMKTA,2023,5892.8
IMKTA,2024,5639.6
IMKTA,2025,5334.0
INTU,2016,4694.0
INTU,2017,5196.0
INTU,2018,5964.0
INTU,2019,6784.0
INTU,2020,7679.0
INTU,2021,9633.0
INTU,2022,12726.0
INTU,2023,14368.0
INTU,2024,16285.0
INTU,2025,18831.0
INVA,2009,24.4
INVA,2010,24.2
INVA,2011,24.5
INVA,2012,135.8
INVA,2013,4.8
INVA,2014,8.4
INVA,2015,53.9
INVA,2016,133.6
INVA,2017,217.2
IOT,2021,249.9
IOT,2022,428.3
IOT,2023,652.5
IOT,2024,937.4
IOT,2025,1249.2
IOT,2026,1618.6
IOVA,2023,1.2
IOVA,2024,164.1
IOVA,2025,263.5
IQV,2011,4327.7
IQV,2012,4865.5
IQV,2013,5099.5
IQV,2014,5460.0
IQV,2015,5737.6
IQV,2016,6878.0
IQV,2017,9739.0
JBHT,2008,3731.9
JBHT,2009,3203.3
JBHT,2010,3793.5
JBHT,2011,4526.8
JBHT,2012,5055.0
JBHT,2013,5584.6
JBHT,2014,6165.4
JBHT,2015,6187.6
JBHT,2016,6555.5
JBHT,2017,7189.6
JNJ,2017,76450.0
JNJ,2018,81581.0
JNJ,2019,82059.0
JNJ,2021,82584.0
JNJ,2022,93775.0
JNJ,2023,85159.0
JNJ,2024,88821.0
JNJ,2025,94193.0
JOBY,2023,1.0
JOBY,2024,0.1
JOBY,2025,53.4
JOUT,2021,751.7
JOUT,2022,743.4
JOUT,2023,663.8
JOUT,2024,592.8
JOUT,2025,592.4
JPM,2007,71372.0
JPM,2008,67252.0
JPM,2009,100434.0
JPM,2010,102694.0
JPM,2011,97234.0
JPM,2012,97031.0
JPM,2013,96606.0
JPM,2014,94205.0
JPM,2015,93543.0
JPM,2016,95668.0
JPM,2017,99624.0
JPM,2018,109029.0
JPM,2019,115627.0
JPM,2020,119543.0
JPM,2021,121649.0
JPM,2022,128695.0
JPM,2023,158104.0
JPM,2024,177556.0
JPM,2025,182447.0
KHC,2014,10922.0
KHC,2016,26487.0
KHC,2017,26232.0
KKR,2016,2040.0
KKR,2017,3557.3
KKR,2018,2395.8
KKR,2019,4220.9
KKR,2020,4230.9
KKR,2021,16236.1
KKR,2022,5721.2
KKR,2023,14499.3
KKR,2024,21878.7
KKR,2025,19464.3
KMI,2009,7185.2
KMI,2010,7852.0
KMI,2011,8264.9
KMI,2012,9973.0
KMI,2013,14070.0
KMI,2014,16226.0
KMI,2015,14403.0
KMI,2016,13058.0
KMI,2017,13705.0
KMI,2018,14144.0
KMI,2019,13209.0
KMI,2020,11700.0
KMI,2021,16610.0
KMI,2022,19200.0
KMI,2023,15334.0
KMI,2024,15100.0
KMI,2025,16937.0
KNX,2009,2571.4
KNX,2010,2929.7
KNX,2011,3333.9
KNX,2012,3493.2
KNX,2013,4118.2
KNX,2014,4298.7
KNX,2015,4229.3
KNX,2016,4031.5
KNX,2017,2425.5
KNX,2018,5344.1
KNX,2019,4843.9
KNX,2020,4673.9
KNX,2021,5998.0
KNX,2022,7428.6
KNX,2023,7141.8
KNX,2024,7410.1
KNX,2025,7469.7
KO,2016,41863.0
KO,2017,36212.0
KO,2018,31856.0
KO,2019,37266.0
KO,2020,33014.0
KO,2021,38655.0
KO,2022,43004.0
KO,2023,45754.0
KO,2024,47061.0
KO,2025,47941.0
KVYO,2021,290.6
KVYO,2022,472.7
KVYO,2023,698.1
KVYO,2024,937.5
KVYO,2025,1234.0
L,2007,14302.0
L,2008,13247.0
L,2009,14117.0
L,2010,14615.0
L,2011,14127.0
L,2012,14552.0
L,2013,15053.0
L,2014,14325.0
L,2015,13415.0
L,2016,13105.0
L,2017,13735.0
L,2018,14066.0
L,2019,14931.0
L,2020,12583.0
L,2021,14657.0
L,2022,14044.0
L,2023,15901.0
L,2024,17510.0
L,2025,18454.0
LAZRQ,2019,12.6
LAZRQ,2020,14.0
LAZRQ,2021,31.9
LAZRQ,2022,40.7
LAZRQ,2023,69.8
LAZRQ,2024,75.4
LEE,2009,842.0
LEE,2010,748.4
LEE,2011,756.1
LEE,2012,710.5
LEE,2013,674.7
LEE,2014,656.7
LEE,2015,648.5
LEE,2016,614.4
LEE,2017,566.9
LEE,2018,544.0
LEN,2008,4575.4
LEN,2009,3119.4
LEN,2010,3074.0
LEN,2011,3095.4
LEN,2012,4104.7
LEN,2013,5935.1
LEN,2014,7779.8
LEN,2015,9474.0
LEN,2016,10950.0
LEN,2017,12646.4
LEN,2018,20571.6
LEN,2019,22259.6
LEN,2020,22488.9
LEN,2021,27130.7
LEN,2022,33671.0
LEN,2023,34233.4
LEN,2024,35441.5
LEN,2025,34186.9
LINE,2023,5342.0
LINE,2024,5340.0
LINE,2025,5355.0
LLY,2007,18633.5
LLY,2008,20371.9
LLY,2009,21836.0
LLY,2010,23076.0
LLY,2011,24286.5
LLY,2012,22603.4
LLY,2013,23113.1
LLY,2014,19615.6
LLY,2015,19958.7
LLY,2016,21222.1
LLY,2017,22871.3
LLY,2018,24555.7
LLY,2019,22319.5
LLY,2020,24539.8
LLY,2021,28318.4
LLY,2022,28541.4
LLY,2023,34124.1
LLY,2024,45042.7
LLY,2025,65179.0
LMND,2018,22.5
LMND,2019,67.3
LMND,2020,94.4
LMND,2021,128.4
LMND,2022,256.7
LMND,2023,429.8
LMND,2024,526.5
LMND,2025,737.9
LUMN,2008,2599.7
LUMN,2009,4974.0
LUMN,2010,7041.5
LUMN,2011,15351.0
LUMN,2012,18376.0
LUMN,2013,18095.0
LUMN,2014,18031.0
LUMN,2015,17900.0
LUMN,2016,17470.0
LUMN,2017,17656.0
LUMN,2018,23443.0
LUMN,2019,22401.0
LUMN,2020,20712.0
LUMN,2021,19687.0
LUMN,2022,17478.0
LUMN,2023,14557.0
LUMN,2024,13108.0
LUMN,2025,12402.0
LUNR,2022,85.9
LUNR,2023,79.5
LUNR,2024,228.0
LUV,2007,9861.0
LUV,2008,11023.0
LUV,2009,10350.0
LUV,2010,12104.0
LUV,2011,15658.0
LUV,2012,17088.0
LUV,2013,17699.0
LUV,2014,18605.0
LUV,2015,19820.0
LUV,2016,20425.0
LUV,2017,21171.0
LVS,2016,11271.0
LVS,2017,12728.0
LVS,2018,13729.0
LVS,2019,13739.0
LVS,2020,3612.0
LVS,2021,4234.0
LVS,2022,4110.0
LVS,2023,10372.0
LVS,2024,11298.0
LVS,2025,13017.0
MASI,2009,307.1
MASI,2010,349.1
MASI,2011,439.0
MASI,2012,493.2
MASI,2013,547.2
MASI,2015,586.6
MASI,2016,694.6
MASI,2017,798.1
MASI,2018,858.3
MASI,2019,937.8
MASI,2021,1143.7
MASI,2022,1239.2
MCY,2008,2414.2
MCY,2009,3121.5
MCY,2010,2775.9
MCY,2011,2777.3
MCY,2012,2783.4
MCY,2013,2821.0
MCY,2014,3011.8
MCY,2015,3009.3
MCY,2016,3227.7
MCY,2017,3416.0
MCY,2018,3380.0
MCY,2019,3972.5
MCY,2020,3784.5
MCY,2021,3993.4
MCY,2022,3643.1
MCY,2023,4629.6
MCY,2024,5475.6
MCY,2025,5992.5
MDLN,2023,23231.0
MDLN,2024,25507.0
MDLN,2025,28432.0
MEDP,2016,421.6
MEDP,2017,436.2
MEDP,2018,704.6
MEDP,2019,861.0
MEDP,2020,925.9
MEDP,2021,1142.4
MEDP,2022,1460.0
MEDP,2023,1885.8
MEDP,2024,2109.1
MEDP,2025,2530.2
META,2010,1974.0
META,2011,3711.0
META,2012,5089.0
META,2013,7872.0
META,2014,12466.0
META,2015,17928.0
META,2016,27638.0
META,2017,40653.0
MHK,2016,8959.1
MHK,2017,9491.3
MHK,2018,9983.6
MHK,2019,9970.7
MHK,2020,9552.2
MHK,2021,11200.6
MHK,2022,11737.1
MHK,2023,11135.1
MHK,2024,10836.9
MHK,2025,10785.4
MNST,2016,3049.4
MNST,2017,3369.0
MNST,2018,3807.2
MNST,2019,4200.8
MNST,2020,4598.6
MNST,2021,5541.4
MNST,2022,6311.1
MNST,2023,7140.0
MNST,2024,7492.7
MNST,2025,8294.3
MORN,2008,502.5
MORN,2009,479.0
MORN,2010,555.4
MORN,2016,798.6
MORN,2017,911.7
MORN,2018,1019.9
MORN,2019,1179.0
MORN,2020,1389.5
MORN,2021,1699.3
MORN,2022,1870.6
MORN,2023,2038.6
MORN,2024,2275.1
MORN,2025,2445.5
MP,2019,73.4
MP,2020,134.3
MP,2021,332.0
MPWR,2009,165.0
MPWR,2010,218.8
MPWR,2011,196.5
MPWR,2012,213.8
MPWR,2013,238.1
MPWR,2014,282.5
MPWR,2015,333.1
MRNA,2016,108.4
MRNA,2017,205.8
MRNA,2018,135.1
MRNA,2019,60.2
MRNA,2020,803.4
MRNA,2021,18471.0
MRNA,2022,19263.0
MRVL,2020,2699.2
MRVL,2021,2968.9
MRVL,2022,4462.4
MRVL,2023,5919.6
MRVL,2024,5507.7
MRVL,2025,5767.3
MRVL,2026,8194.6
MSFT,2008,60420.0
MSFT,2009,58437.0
MSFT,2010,62484.0
MSGE,2021,81.8
MSGE,2022,653.5
MSGE,2023,851.5
MSGE,2024,959.3
MSGE,2025,942.7
MSI,2007,36622.0
MSI,2008,25109.0
MSI,2009,22044.0
MSI,2010,19282.0
MSI,2011,8203.0
MSI,2012,8698.0
MSI,2013,8696.0
MSI,2014,5881.0
MSI,2015,5695.0
MSI,2016,6038.0
MSI,2017,6380.0
MSM,2016,2863.5
MSM,2017,2887.7
MSM,2018,3203.9
MSM,2019,3363.8
MSTR,2009,377.8
MSTR,2010,454.6
MSTR,2011,562.1
MSTR,2012,594.6
MSTR,2013,575.9
MSTR,2014,579.8
MSTR,2015,529.9
MSTR,2016,512.2
MSTR,2017,504.5
MSTR,2018,497.6
MSTR,2019,486.3
MSTR,2020,480.7
MSTR,2021,510.8
MSTR,2022,499.3
MSTR,2023,496.3
MSTR,2024,463.5
MTSI,2010,260.3
MTSI,2011,310.3
MTSI,2012,302.2
MTSI,2017,698.8
MTSI,2018,570.4
MTSI,2019,499.7
MTSI,2020,530.0
MTSI,2021,606.9
MTSI,2022,675.2
MTSI,2023,648.4
MTSI,2024,729.6
MTSI,2025,967.3
MTZ,2009,1623.5
MTZ,2010,2308.0
MTZ,2011,3009.0
MTZ,2012,3726.8
MTZ,2013,4324.8
MTZ,2014,4611.8
MTZ,2015,4208.3
MTZ,2016,5134.7
MTZ,2017,6607.0
MTZ,2018,6909.4
MTZ,2019,7183.2
MTZ,2020,6321.0
MTZ,2021,7951.8
MTZ,2022,9778.0
MTZ,2023,11995.9
MTZ,2024,12303.5
MTZ,2025,14299.2
NET,2017,134.9
NET,2018,192.7
NET,2019,287.0
NET,2020,431.1
NET,2021,656.4
NET,2022,975.2
NET,2023,1296.7
NET,2024,1669.6
NET,2025,2167.9
NFLX,2007,1205.3
NFLX,2008,1364.7
NFLX,2009,1670.3
NFLX,2010,2162.6
NFLX,2011,3204.6
NFLX,2012,3609.3
NFLX,2013,4374.6
NFLX,2014,5504.7
NFLX,2015,6779.5
NFLX,2016,8830.7
NFLX,2017,11692.7
NFLX,2018,15794.3
NFLX,2019,20156.4
NFLX,2020,24996.1
NFLX,2021,29697.8
NFLX,2022,31615.5
NFLX,2023,33723.3
NFLX,2024,39001.0
NFLX,2025,45183.0
NKE,2017,34350.0
NKE,2018,36397.0
NKE,2019,39117.0
NKE,2020,37403.0
NKE,2021,44538.0
NKE,2022,46710.0
NKE,2023,51217.0
NKE,2024,51362.0
NKE,2025,46309.0
NNI,2009,620.2
NNI,2010,603.9
NNI,2011,592.9
NNI,2012,613.9
NNI,2013,644.8
NNI,2014,709.8
NNI,2016,760.7
NNI,2017,770.4
NNI,2018,924.3
NNI,2019,948.7
NNI,2020,619.7
NNI,2021,523.8
NNI,2022,742.8
NNI,2023,1109.8
NNI,2024,973.4
NNI,2025,851.5
NOW,2011,92.6
NOW,2012,243.7
NOW,2013,424.6
NOW,2014,682.6
NOW,2015,1005.5
NOW,2016,1390.5
NOW,2017,1933.0
NP,2023,84.9
NP,2024,119.3
NP,2025,159.6
NVCR,2016,82.9
NVCR,2017,177.0
NVCR,2018,248.1
NVCR,2019,351.3
NVCR,2020,494.4
NVCR,2021,535.0
NVCR,2022,537.8
NVCR,2023,509.3
NVCR,2024,605.2
NVCR,2025,655.4
NVDA,2008,4097.9
NVDA,2009,3424.9
NVDA,2010,3326.4
NVDA,2011,3543.3
NVDA,2012,3997.9
NVDA,2013,4280.2
NVDA,2014,4130.0
NVDA,2015,4681.5
NVDA,2016,5010.0
NVDA,2017,6910.0
NVDA,2018,9714.0
NVDA,2020,10918.0
NVDA,2021,16675.0
NVDA,2022,26914.0
NVDA,2023,26974.0
NVDA,2024,60922.0
NVDA,2025,130497.0
NVDA,2026,215938.0
NVR,2009,2743.8
NVR,2010,3041.9
NVR,2011,2659.1
NVR,2012,3184.7
NVR,2013,4211.3
NVR,2014,4444.6
NVR,2015,5159.0
NVR,2016,5822.5
NVR,2017,6305.8
NVR,2018,7163.7
NVR,2019,7388.7
NVR,2020,7536.9
NVR,2021,8951.0
NVR,2022,10526.4
NVR,2023,9518.2
NVR,2024,10524.5
NVR,2025,10324.0
ONC,2014,13.0
ONC,2015,8.8
ONC,2016,1.1
ONC,2017,238.4
ORCL,2008,22430.0
ORCL,2009,23252.0
ORCL,2010,26820.0
ORCL,2011,35622.0
ORCL,2012,37121.0
ORCL,2013,37180.0
ORCL,2014,38275.0
ORCL,2015,38226.0
ORCL,2016,37047.0
ORCL,2017,37728.0
ORCL,2018,39831.0
ORCL,2019,39506.0
ORCL,2021,40479.0
ORCL,2022,42440.0
ORCL,2023,49954.0
ORCL,2024,52961.0
ORCL,2025,57399.0
OWL,2022,234.0
OWL,2023,387.3
OWL,2024,527.9
OWL,2025,567.8
OXY,2017,12508.0
OXY,2018,15560.0
OXY,2019,20393.0
OXY,2020,17809.0
OXY,2021,25956.0
OXY,2022,36634.0
OXY,2023,28257.0
OXY,2024,26725.0
OXY,2025,21593.0
PACS,2022,2422.0
PACS,2023,3111.5
PACS,2024,4089.7
PACS,2025,5288.9
PANW,2011,118.6
PANW,2012,255.1
PANW,2013,396.1
PANW,2014,598.2
PANW,2015,928.1
PANW,2016,1378.5
PANW,2017,1761.6
PANW,2018,2273.1
PATH,2020,336.2
PATH,2021,607.6
PATH,2022,892.3
PATH,2023,1058.6
PATH,2024,1308.1
PATH,2025,1429.7
PAYC,2012,76.8
PAYC,2013,107.6
PAYC,2014,150.9
PAYC,2015,224.7
PAYC,2016,329.1
PAYC,2017,433.0
PAYX,2008,2066.3
PAYX,2009,2082.8
PAYX,2010,2000.8
PAYX,2011,2084.3
PAYX,2012,2229.8
PAYX,2013,2326.2
PAYX,2014,2518.9
PAYX,2015,2739.6
PAYX,2016,2951.9
PAYX,2017,3151.3
PAYX,2018,3380.9
PAYX,2019,3772.5
PAYX,2020,4040.5
PAYX,2021,4056.8
PAYX,2022,4611.7
PAYX,2023,5007.1
PAYX,2024,5278.3
PAYX,2025,5571.7
PEGA,2009,264.0
PEGA,2010,336.6
PEGA,2011,416.7
PEGA,2012,461.7
PEGA,2013,509.0
PEGA,2014,590.0
PEGA,2015,682.7
PII,2016,4516.6
PII,2017,5428.5
PII,2018,6078.5
PII,2019,6782.5
PII,2020,7027.9
PII,2021,8198.2
PII,2022,8589.0
PII,2023,8934.4
PII,2024,7175.4
PII,2025,7152.0
PINS,2017,472.9
PINS,2018,755.9
PINS,2019,1142.8
PINS,2020,1692.7
PINS,2021,2578.0
PINS,2022,2802.6
PINS,2023,3055.1
PINS,2024,3646.2
PINS,2025,4221.8
PLTR,2018,595.4
PLTR,2019,742.6
PLTR,2020,1092.7
PLTR,2021,1541.9
PLTR,2022,1905.9
PLTR,2023,2225.0
PLTR,2024,2865.5
PLTR,2025,4475.4
POWL,2010,550.7
POWL,2011,562.4
POWL,2012,717.2
POWL,2013,674.8
POWL,2014,647.8
POWL,2015,661.9
POWL,2016,565.2
POWL,2017,395.9
POWL,2018,448.7
PRM,2019,239.3
PRM,2020,339.6
PRM,2021,341.3
PRM,2022,360.5
PRM,2023,322.1
PRM,2024,561.0
PRM,2025,652.9
PROK,2024,0.1
PSA,2007,1787.2
PSA,2008,1720.5
PSA,2009,1627.7
PSA,2010,1646.7
PSA,2011,1752.1
PSA,2012,1826.7
PSA,2013,1981.7
PSA,2014,2195.4
PSA,2015,2381.7
PSA,2016,2560.5
PSA,2017,2668.5
PSA,2018,2754.3
PSA,2019,2846.8
PSA,2020,2915.1
PSA,2021,3415.8
PSA,2022,4182.2
PSA,2023,4517.7
PSA,2024,4695.6
PSA,2025,4824.1
PSTG,2017,739.2
PSTG,2018,1024.8
PSTG,2019,1359.8
PSTG,2020,1643.4
PSTG,2021,1684.2
PSTG,2022,2180.8
PSTG,2023,2753.4
PSTG,2024,2830.6
PSTG,2025,3168.2
QXO,2017,34.9
QXO,2018,41.0
QXO,2019,38.5
QXO,2020,41.2
QXO,2021,41.7
QXO,2022,45.0
QXO,2023,54.5
RBLX,2019,508.4
RBLX,2020,923.9
RBLX,2021,1919.2
RBLX,2022,2225.1
RDI,2009,217.0
RDI,2010,229.3
RDI,2011,245.8
RDI,2012,254.4
RDI,2013,258.2
RDI,2014,254.7
RDI,2015,257.3
RDI,2016,270.5
RDI,2017,279.7
RDI,2018,309.4
RDI,2019,276.8
RDI,2020,77.9
RDI,2021,139.1
RDI,2022,203.1
RDI,2023,222.7
RDI,2024,210.5
REGN,2008,238.5
REGN,2009,379.3
REGN,2010,459.1
REGN,2011,445.8
REGN,2012,1378.5
REGN,2013,2104.7
REGN,2014,2819.6
REGN,2015,4103.7
REGN,2016,4860.4
REGN,2017,5872.2
RHP,2009,872.8
RHP,2010,770.0
RHP,2011,952.1
RHP,2012,986.6
RHP,2013,954.6
RHP,2014,1041.0
RHP,2015,1092.1
RHP,2016,1149.2
RHP,2017,1184.7
RJF,2008,3204.9
RJF,2009,2602.5
RJF,2010,2979.5
RJF,2011,3399.9
RJF,2012,3897.9
RJF,2013,4595.8
RJF,2014,4965.5
RJF,2015,5308.2
RJF,2016,5520.3
RJF,2017,6524.9
RJF,2018,7475.8
RJF,2019,8023.0
RJF,2020,8168.0
RJF,2021,9910.0
RJF,2022,11308.0
RJF,2023,12992.0
RJF,2024,14923.0
RJF,2025,15912.0
RKT,2018,4209.6
RKT,2019,5069.1
RKT,2020,15735.2
RKT,2021,12914.5
RKT,2022,5838.5
RKT,2023,3799.3
RKT,2024,5100.8
RKT,2025,6695.0
RL,2017,6652.8
RL,2018,6182.3
RL,2019,6313.0
RL,2020,6159.8
RL,2021,4400.8
RL,2022,6218.5
RL,2023,6443.6
RL,2024,6631.4
RL,2025,7079.0
RNAC,2014,3.0
RNAC,2015,6.0
RNAC,2016,8.1
RNAC,2023,26.0
RNAC,2024,38.9
RNAC,2025,2.8
ROIV,2021,23.8
ROIV,2022,55.3
ROIV,2023,61.3
ROIV,2024,32.7
ROIV,2025,29.1
ROKU,2016,398.6
ROKU,2017,512.8
ROKU,2018,742.5
ROKU,2019,1128.9
ROKU,2020,1778.4
ROKU,2021,2764.6
ROKU,2022,3126.5
ROKU,2023,3484.6
ROKU,2024,4112.9
ROKU,2025,4737.3
ROL,2016,1573.5
ROL,2017,1674.0
ROL,2018,1821.6
ROL,2019,2015.5
ROL,2020,2161.2
RRR,2017,1642.1
RRR,2018,1681.0
RRR,2019,1856.5
RRR,2020,1182.4
RRR,2021,1617.9
RRR,2022,1663.8
RRR,2023,1724.1
RRR,2024,1939.0
RRR,2025,2011.5
RSI,2019,63.7
RSI,2020,278.5
RSI,2021,488.1
RSI,2022,592.2
RSI,2023,691.2
RSI,2024,924.1
RSI,2025,1134.4
SAM,2009,415.1
SAM,2010,463.8
SAM,2011,513.0
SAM,2012,580.2
SAM,2013,739.1
SAM,2014,903.0
SAM,2015,959.9
SAM,2016,906.4
SAM,2017,863.0
SAM,2018,995.6
SAM,2019,1249.8
SAM,2020,1736.4
SAM,2021,2057.6
SAM,2022,2090.3
SAM,2023,2008.6
SAM,2024,2012.9
SAM,2025,1965.0
SBUX,2009,9774.6
SBUX,2010,10707.4
SBUX,2011,11700.4
SBUX,2012,13299.5
SBUX,2013,14892.2
SBUX,2016,21315.9
SBUX,2017,22386.8
SBUX,2018,24719.5
SBUX,2019,26508.6
SBUX,2020,23518.0
SBUX,2021,29060.6
SBUX,2022,32250.3
SBUX,2023,35975.6
SBUX,2024,36176.2
SBUX,2025,37184.4
SCHW,2007,4994.0
SCHW,2008,5150.0
SCHW,2009,4193.0
SCHW,2010,4248.0
SCHW,2011,4691.0
SCHW,2012,4883.0
SCHW,2013,5435.0
SCHW,2014,6058.0
SCHW,2015,6380.0
SCHW,2016,7478.0
SCHW,2017,8618.0
SCHW,2018,10132.0
SCHW,2019,10721.0
SCHW,2020,11691.0
SCHW,2021,18520.0
SCHW,2022,20762.0
SCHW,2023,18837.0
SCHW,2024,19606.0
SCHW,2025,23921.0
SCVL,2017,1001.1
SCVL,2018,1019.2
SCVL,2019,1029.7
SCVL,2020,1036.6
SCVL,2021,976.8
SCVL,2022,1330.4
SCVL,2023,1262.2
SCVL,2024,1175.9
SCVL,2025,1202.9
SEE,2016,4211.3
SEE,2017,4461.6
SEE,2018,4732.7
SEE,2019,4791.1
SEE,2020,4903.2
SEE,2021,5533.8
SEE,2022,5641.9
SEE,2023,5488.9
SEE,2024,5392.6
SEE,2025,5359.8
SEIC,2008,1247.9
SEIC,2009,1060.5
SEIC,2010,900.8
SEIC,2011,929.7
SEIC,2012,992.5
SEIC,2013,1126.1
SEIC,2014,1266.0
SEIC,2015,1334.2
SEIC,2016,1401.5
SEIC,2017,1526.6
SEIC,2018,1624.2
SEIC,2019,1649.9
SEIC,2020,1684.1
SEIC,2021,1918.3
SEIC,2022,1991.0
SEIC,2023,1919.8
SEIC,2024,2125.2
SEIC,2025,2297.4
SHLS,2019,144.5
SHLS,2020,175.5
SHLS,2021,213.2
SHLS,2022,326.9
SHLS,2023,488.9
SHLS,2024,399.2
SHLS,2025,475.3
SMCI,2015,1954.4
SMCI,2016,2225.0
SMCI,2017,2484.9
SMMT,2019,0.7
SMMT,2020,0.9
SMMT,2021,1.8
SMMT,2022,0.7
SNAP,2015,58.7
SNAP,2016,404.5
SNAP,2017,824.9
SNOW,2019,96.7
SNOW,2020,264.7
SNOW,2021,592.0
SNOW,2022,1219.3
SNOW,2023,2065.7
SNOW,2024,2806.5
SNOW,2025,3626.4
SPG,2007,3650.8
SPG,2008,3783.2
SPG,2009,3775.2
SPG,2010,3957.6
SPG,2011,4306.4
SPG,2012,4880.1
SPG,2013,5170.1
SPG,2014,4870.8
SPG,2015,5266.1
SPG,2016,5435.2
SPG,2017,5538.6
SPG,2018,5657.9
SPG,2019,5755.2
SPG,2020,4607.5
SPG,2021,5116.8
SPG,2022,5291.4
SPG,2023,5658.8
SPG,2024,5963.8
SPG,2025,6364.5
SPNT,2012,233.3
SPNT,2013,473.9
SPNT,2014,530.1
SPNT,2015,574.8
SPNT,2016,689.0
SPNT,2017,939.0
SPNT,2018,370.0
SPNT,2019,982.7
SPNT,2020,889.8
SPNT,2021,2180.7
SPNT,2022,2105.6
SPNT,2023,2737.3
SPNT,2024,2603.8
SPNT,2025,3205.1
SSNC,2014,767.9
SSNC,2015,1000.3
SSNC,2016,1481.4
SSNC,2017,1675.3
STLD,2016,7777.1
STLD,2017,9538.8
STLD,2018,11821.8
STLD,2019,10465.0
STLD,2020,9601.5
STLD,2021,18408.8
STLD,2022,22260.8
STWD,2011,206.5
STWD,2012,307.3
STWD,2013,565.7
STWD,2014,702.9
STWD,2015,735.9
STWD,2016,784.7
STWD,2017,879.9
STWD,2018,1109.3
STWD,2019,1196.4
STWD,2020,1136.2
STWD,2021,1170.1
STWD,2022,1464.7
STWD,2023,2049.9
STWD,2024,1946.8
STWD,2025,1844.3
STZ,2017,7321.1
STZ,2018,7580.3
STZ,2019,8116.0
STZ,2020,8343.5
STZ,2021,8614.9
STZ,2022,8820.7
STZ,2023,9452.6
STZ,2024,9961.8
STZ,2025,10208.7
SYK,2016,11325.0
SYK,2017,12444.0
SYK,2018,13601.0
SYK,2019,14884.0
SYK,2020,14351.0
SYK,2021,17108.0
SYK,2022,18449.0
SYK,2023,20498.0
SYK,2024,22595.0
SYK,2025,25116.0
SYM,2020,92.1
SYM,2021,251.9
SYM,2022,593.3
SYM,2023,1176.9
SYM,2024,1788.2
SYM,2025,2246.9
T,2007,118928.0
T,2008,123443.0
T,2009,123018.0
T,2010,124280.0
T,2011,126723.0
T,2012,127434.0
T,2013,128752.0
T,2014,132447.0
T,2015,146801.0
T,2016,163786.0
T,2017,160546.0
T,2018,170756.0
T,2019,181193.0
T,2020,171760.0
T,2021,168864.0
T,2022,120741.0
T,2023,122428.0
T,2024,122336.0
T,2025,125648.0
TEAM,2021,2089.1
TEAM,2022,2802.9
TEAM,2023,3534.6
TEAM,2024,4358.6
TEAM,2025,5215.3
TEM,2022,320.7
TEM,2023,531.8
TEM,2024,693.4
TEM,2025,1271.8
TKO,2021,1031.9
TKO,2022,1140.1
TKO,2023,1675.0
TKO,2024,2804.3
TKO,2025,4735.2
TMUS,2008,2751.5
TMUS,2009,3480.5
TMUS,2010,4069.4
TMUS,2011,20618.0
TMUS,2012,19719.0
TMUS,2013,24420.0
TMUS,2014,29564.0
TMUS,2015,32053.0
TMUS,2016,37242.0
TMUS,2017,40604.0
TOL,2018,7143.3
TPG,2020,2114.8
TPG,2021,4976.4
TPG,2022,2002.9
TPG,2023,2389.9
TPG,2024,3500.1
TPG,2025,4670.2
TSLA,2009,111.9
TSLA,2010,116.7
TSLA,2011,204.2
TSLA,2012,413.3
TSLA,2013,2013.5
TSLA,2014,3198.4
TSLA,2015,4046.0
TSLA,2016,7000.1
TSLA,2017,11758.8
TSLA,2018,21461.3
TSLA,2019,24578.0
TSLA,2020,31536.0
TSLA,2021,53823.0
TSLA,2022,81462.0
TSLA,2023,96773.0
TSLA,2024,97690.0
TSLA,2025,94827.0
TSN,2016,36881.0
TSN,2017,38260.0
TSN,2018,40052.0
TSN,2019,42405.0
TSN,2020,43185.0
TSN,2021,47049.0
TSN,2022,53282.0
TSN,2023,52881.0
TSN,2024,53309.0
TSN,2025,54441.0
TTD,2016,202.9
TTD,2017,308.2
TTD,2018,477.3
TTD,2019,661.1
TTD,2020,836.0
TTD,2021,1196.5
TTD,2022,1577.8
TTD,2023,1946.1
TTD,2024,2444.8
TTD,2025,2896.3
TWLO,2014,88.8
TWLO,2015,166.9
TWLO,2016,277.3
TWLO,2017,399.0
UAA,2011,1325.8
UAA,2012,1650.4
UAA,2013,2082.5
UAA,2016,4833.3
UAA,2017,4989.2
UAA,2018,5193.2
UAA,2019,5267.1
UAA,2020,4474.7
UAA,2021,5683.5
UAA,2023,5903.6
UAA,2024,5701.9
UAA,2025,5164.3
UBER,2017,7932.0
UBER,2018,10433.0
UBER,2019,14147.0
UBER,2020,11139.0
UBER,2021,17455.0
UBER,2022,31877.0
UBER,2023,37281.0
UBER,2024,43978.0
UBER,2025,52017.0
UHAL,2010,2002.0
UHAL,2011,2241.3
UHAL,2012,2512.0
UHAL,2013,2558.6
UHAL,2014,2835.3
UHAL,2015,3074.5
UHAL,2016,3275.5
UHAL,2017,3421.8
UHAL,2018,3601.1
UHAL,2019,3768.7
UHAL,2020,3978.9
UHAL,2021,4542.0
UHAL,2022,5739.7
UHAL,2023,5864.7
UHAL,2024,5625.7
UHAL,2025,5828.7
UHS,2016,9766.2
UHS,2017,10409.9
UHS,2018,10772.3
UHS,2019,11378.3
UHS,2020,11558.9
UHS,2021,12642.1
UHS,2022,13399.4
UHS,2023,14282.0
UHS,2024,15827.9
UHS,2025,17364.8
UI,2012,84.3
UI,2013,80.6
UI,2014,136.6
UI,2016,666.4
UI,2017,865.3
UI,2018,1016.9
UI,2019,1161.7
UI,2020,1284.5
UI,2021,1898.1
UI,2022,1691.7
UI,2023,1940.5
UI,2024,1928.5
UI,2025,2573.5
URBN,2017,3545.8
URBN,2018,3616.0
URBN,2019,3950.6
URBN,2020,3983.8
URBN,2021,3449.7
URBN,2022,4548.8
URBN,2023,4795.2
URBN,2024,5153.2
URBN,2025,5550.7
UTHR,2008,281.5
UTHR,2009,358.9
UTHR,2010,603.8
UTHR,2011,743.2
UTHR,2012,916.1
UTHR,2013,1117.0
UTHR,2014,1288.5
UTHR,2015,1465.8
UTHR,2016,1598.8
UTHR,2017,1725.3
UTHR,2018,1627.8
UTHR,2019,1448.8
UTHR,2020,1483.3
UWMC,2019,1278.4
UWMC,2020,4938.6
UWMC,2021,2970.3
UWMC,2022,2372.6
UWMC,2023,1311.3
UWMC,2024,2163.7
UWMC,2025,3160.6
VEEV,2012,61.3
VEEV,2013,129.5
VEEV,2014,210.2
VEEV,2015,313.2
VEEV,2016,409.2
VEEV,2017,544.0
VEEV,2018,685.6
VEEV,2019,862.2
VEEV,2020,1104.1
VG,2023,7897.0
VG,2024,4972.0
VG,2025,13769.0
VICR,2023,405.1
VICR,2024,359.1
VICR,2025,452.7
VIRT,2013,664.5
VIRT,2014,723.1
VIRT,2015,796.2
VIRT,2016,702.3
VIRT,2017,1028.0
VIRT,2018,1878.7
VIRT,2019,1530.1
VIRT,2020,3239.3
VIRT,2021,2811.5
VIRT,2022,2364.8
VIRT,2023,2293.4
VIRT,2024,2876.9
VIRT,2025,3632.1
W,2012,601.0
W,2013,915.8
W,2014,1319.0
W,2015,2249.9
W,2016,3380.4
W,2017,4720.9
WBD,2016,6497.0
WBD,2017,6873.0
WBD,2018,10553.0
WDAY,2010,68.1
WDAY,2012,134.4
WDAY,2013,273.7
WDAY,2014,468.9
WDAY,2015,787.9
WDAY,2016,1162.3
WDAY,2017,1569.4
WDAY,2018,2143.1
WEN,2008,1822.8
WEN,2010,3580.8
WEN,2011,2375.4
WEN,2012,2505.2
WEN,2013,2487.4
WEN,2014,2061.1
WEN,2016,1870.3
WEN,2017,1223.4
WEN,2018,1589.9
WEN,2019,1709.0
WEN,2021,1733.8
WEN,2022,1897.0
WEN,2023,2181.6
WEN,2024,2246.5
WEN,2025,2176.9
WLK,2011,446.4
WLK,2012,319.9
WLK,2013,322.4
WLK,2014,147.9
WLK,2015,108.4
WLK,2016,191.1
WLK,2017,8041.0
WLK,2018,8635.0
WLK,2019,8118.0
WLK,2020,7504.0
WLK,2021,11778.0
WLK,2022,15794.0
WLK,2023,12548.0
WLK,2024,12142.0
WLK,2025,11170.0
WMT,2008,377023.0
WMT,2009,404374.0
WMT,2010,408085.0
WMT,2011,421849.0
WMT,2012,446950.0
WMT,2013,468651.0
WMT,2014,476294.0
WMT,2015,485651.0
WMT,2016,482130.0
WMT,2017,485873.0
WMT,2018,500343.0
WMT,2019,514405.0
WMT,2020,523964.0
WMT,2021,559151.0
WMT,2022,572754.0
WMT,2023,611289.0
WMT,2024,648125.0
WMT,2025,680985.0
WMT,2026,713163.0
WRB,2008,4708.8
WRB,2009,4431.2
WRB,2010,4724.1
WRB,2011,5156.0
WRB,2012,5823.6
WRB,2013,6408.5
WRB,2014,7128.9
WRB,2015,7206.5
WRB,2016,7654.2
WRB,2017,7684.8
WRB,2018,7691.7
WRB,2019,7902.2
WRB,2020,8098.9
WRB,2021,9455.5
WRB,2022,11166.5
WRB,2023,12142.9
WRB,2024,13638.8
WRB,2025,14707.9
WSO,2008,1700.2
WSO,2009,2001.8
WSO,2010,2844.6
WSO,2011,2977.8
WSO,2012,3431.7
WSO,2013,3743.3
WSO,2014,3944.5
WSO,2015,4113.2
WSO,2016,4220.7
WSO,2017,4342.0
WSO,2018,4546.7
WSO,2019,4770.4
WSO,2020,5054.9
WSO,2021,6280.2
WSO,2022,7274.3
WSO,2023,7283.8
WSO,2024,7618.3
WSO,2025,7239.3
WT,2009,22.1
WT,2010,41.6
WT,2011,65.2
WT,2012,84.8
WT,2013,149.5
WT,2014,183.8
WT,2015,298.9
WT,2016,219.4
WT,2017,237.4
WT,2018,274.1
WT,2021,304.3
WT,2022,301.3
WT,2023,349.0
WT,2024,427.7
WT,2025,493.8
WYNN,2008,2987.3
WYNN,2009,3045.6
WYNN,2010,4184.7
WYNN,2016,4345.8
WYNN,2017,6070.2
WYNN,2018,6717.7
XOM,2009,301500.0
XOM,2010,370125.0
XOM,2011,467029.0
XOM,2012,453123.0
XOM,2013,420836.0
XOM,2014,394105.0
XOM,2015,259488.0
XOM,2016,218608.0
XOM,2017,237162.0
XOM,2018,279332.0
XOM,2019,264938.0
XOM,2020,181502.0
XOM,2021,285640.0
XOM,2022,413680.0
XOM,2023,344582.0
XOM,2024,349585.0
XOM,2025,332238.0
XYZ,2016,1708.7
XYZ,2017,2214.3
XYZ,2018,3298.2
XYZ,2019,4713.5
XYZ,2020,9497.6
XYZ,2021,17661.2
XYZ,2022,17531.6
XYZ,2023,21915.6
XYZ,2024,24121.1
XYZ,2025,24193.7
YOU,2019,192.3
YOU,2020,230.8
YOU,2021,254.0
YOU,2022,437.4
YOU,2023,613.6
YOU,2024,770.5
YOU,2025,900.8
ZM,2018,151.5
ZM,2019,330.5
ZM,2020,622.7
ZM,2021,2651.4
ZM,2022,4099.9
ZM,2023,4393.0
ZM,2024,4527.2
ZM,2025,4665.4
ZM,2026,4868.8
ZS,2016,80.3
ZS,2017,125.7
ZS,2018,190.2
ZS,2019,302.8
ZS,2020,431.3
ZS,2021,673.1
ZS,2022,1090.9
ZS,2023,1617.0
ZS,2024,2167.8
ZS,2025,2673.1
